№;rank;AVG katas per day
1;1;0.05656108597285068
2;2;0.1889168765743073
3;3;0.5521739130434783
4;4;0.8943089430894309
5;5;0.9975
6;6;1.0
7;7;1.0
8;8;0.4
