№;rank;AVG katas per week
8;-8;6.326564102564103
7;-7;5.0762441012441
6;-6;6.3562919952292445
5;-5;6.6589310494935186
4;-4;6.734210939745048
3;-3;4.334691551887929
2;-2;1.5454298295004416
1;-1;0.35047593260355003
1;1;0.29771994239467015
2;2;0.0
