№;rank;AVG katas per month
8;-8;11.578452380952381
7;-7;7.508558558558558
6;-6;10.184999882596035
5;-5;12.037052532009062
4;-4;13.40025136806511
3;-3;8.60976233819882
2;-2;2.884734901122368
1;-1;0.6184484399210918
1;1;0.6518596491228069
2;2;0.0
