№;rank;AVG katas per day
8;-8;0.4
7;-7;1.0
6;-6;1.0
5;-5;0.9975
4;-4;0.8943089430894309
3;-3;0.5521739130434783
2;-2;0.19230769230769232
1;-1;0.05763688760806916
1;1;0.05263157894736842
2;2;0.0
