category;Avg kat completed
algorithms;25.88819345661451
bug_fixes;44.43540669856459
games;14.240986717267551
no category;899.0
refactoring;28.901234567901234
reference;30.3850697292863
